system	family	freq_index	freq_mhz	n	nnz_a	repeats	policy	ordering	eigen_setup_s	eigen_factor_s	eigen_solve_s	eigen_factor_info	eigen_solve_info	umf_symbolic_s	umf_numeric_s	umf_raw_solve_s	umf_refined_solve_s	umf_symbolic_status	umf_numeric_status	umf_raw_status	umf_refined_status	umf_strategy_used	umf_ordering_used	umf_was_scaled	umf_noff_diag	umf_lnz	umf_unz	umf_flops	umf_numeric_size	umf_peak_memory	umf_rcond	umf_raw_ir_steps	umf_refined_ir_steps	lapack_factor_info	lapack_solve_info	eigen_residual	umf_raw_residual	umf_refined_residual	lapack_residual	umf_raw_vs_eigen	umf_refined_vs_eigen	eigen_vs_lapack	umf_raw_vs_lapack	umf_refined_vs_lapack	transfer_raw_vs_eigen	transfer_refined_vs_eigen	finite
radial_small	radial	0	0.823974609375	110	1084	16	robust	natural	8.3229999999999998e-06	6.4671187500000014e-05	1.5444875e-05	0	0	4.0280000000000001e-05	9.2483812499999995e-05	1.8063624999999999e-05	0.00015211693749999999	0	0	0	0	3	5	1	77	593	695	26067	3123	11218	3.955834021300595e-05	0	3	0	0	4.6538091964744267e-21	5.055425079286547e-18	4.0567589486392773e-21	3.0336168554972208e-21	4.2830418600076565e-09	6.4005773606459284e-09	6.0981669005195998e-09	3.1719824805571958e-09	1.7269444780268419e-09	1.3232590976908185e-08	1.3518791307387935e-08	1
radial_small	radial	1	0.8544921875	110	1084	16	robust	natural	8.3229999999999998e-06	6.7178624999999996e-05	1.544425e-05	0	0	4.0280000000000001e-05	9.0897812500000013e-05	1.7946124999999999e-05	0.0001524060625	0	0	0	0	3	5	1	77	593	695	26067	3123	11218	3.9558512705176196e-05	0	3	0	0	8.6168305362807175e-22	6.1271139514745022e-18	1.2268366098754965e-21	1.2027399938571741e-21	9.9490988148335685e-10	3.3599572743036579e-10	2.7912647749121547e-10	8.3631838807864362e-10	2.1914164325462292e-10	1.0444930819114416e-09	8.3625319083338573e-10	1
radial_small	radial	0	0.823974609375	110	1084	16	default	natural	8.3229999999999998e-06	6.4800812499999995e-05	1.5377937499999996e-05	0	0	3.4601999999999998e-05	8.0434062499999977e-05	1.8745749999999999e-05	8.6834062499999983e-05	0	0	0	0	3	5	1	0	593	593	24051	2919	11218	9.0928100264306929e-05	0	0	0	0	4.6538091964744267e-21	6.5297719366878106e-21	6.5297719366878106e-21	3.0336168554972208e-21	6.3968162984012976e-09	6.3968162984012976e-09	6.0981669005195998e-09	1.7236688581787369e-09	1.7236688581787369e-09	1.3519958572056034e-08	1.3519958572056034e-08	1
radial_small	radial	1	0.8544921875	110	1084	16	default	natural	8.3229999999999998e-06	6.4066624999999989e-05	1.5316562499999999e-05	0	0	3.4601999999999998e-05	8.1105750000000002e-05	1.7980000000000004e-05	8.6619000000000019e-05	0	0	0	0	3	5	1	0	593	593	24051	2919	11218	9.0974894925194348e-05	0	0	0	0	8.6168305362807175e-22	2.18662359919267e-21	2.18662359919267e-21	1.2027399938571741e-21	3.3520011089842714e-10	3.3520011089842714e-10	2.7912647749121547e-10	2.1851806038644116e-10	2.1851806038644116e-10	8.3438657607847167e-10	8.3438657607847167e-10	1
radial_small	radial	0	0.823974609375	110	1084	16	robust	default_amd	8.3229999999999998e-06	6.4678062500000001e-05	1.5352874999999998e-05	0	0	2.7790999999999999e-05	9.941675000000001e-05	1.8408687499999998e-05	0.00015364924999999998	0	0	0	0	3	1	1	43	594	872	31044	3482	11217	1.563731288124316e-06	0	3	0	0	4.6538091964744267e-21	4.1600267451075609e-19	7.0030386995913156e-21	3.0336168554972208e-21	6.3505449818492236e-09	6.4055405056809916e-09	6.0981669005195998e-09	1.6822684199508957e-09	1.7313183365949966e-09	1.3500985026032634e-08	1.3515647601637325e-08	1
radial_small	radial	1	0.8544921875	110	1084	16	robust	default_amd	8.3229999999999998e-06	6.4265624999999992e-05	1.5319062500000001e-05	0	0	2.7790999999999999e-05	9.6164999999999985e-05	1.8289812499999996e-05	0.00015239593749999999	0	0	0	0	3	1	1	43	594	872	31044	3482	11217	1.5774544300255675e-06	0	3	0	0	8.6168305362807175e-22	6.70703626032666e-19	9.2569708723947554e-22	1.2027399938571741e-21	2.513148058014376e-10	3.3503300950370523e-10	2.7912647749121547e-10	2.1725050286931375e-10	2.1816204009969505e-10	8.3469905025363294e-10	8.3193480896965542e-10	1
radial_small	radial	0	0.823974609375	110	1084	16	default	default_amd	8.3229999999999998e-06	6.4532874999999998e-05	1.5355312499999996e-05	0	0	2.6789999999999999e-05	8.1915624999999973e-05	1.7089187500000001e-05	0.00012878100000000001	0	0	0	0	3	1	1	0	593	593	24051	2921	11217	0.00010289111913780534	0	2	0	0	4.6538091964744267e-21	6.0759922464892783e-21	5.2576548460705338e-21	3.0336168554972208e-21	6.3967206201100548e-09	6.3992381207899337e-09	6.0981669005195998e-09	1.7235316213163741e-09	1.7257524650086859e-09	1.351864385669882e-08	1.3520200826535313e-08	1
radial_small	radial	1	0.8544921875	110	1084	16	default	default_amd	8.3229999999999998e-06	6.4886000000000002e-05	1.5299562500000002e-05	0	0	2.6789999999999999e-05	8.2652249999999998e-05	1.7188125000000001e-05	0.00012927737500000001	0	0	0	0	3	1	1	2	593	609	24347	2956	11217	4.7780427779912864e-07	0	2	0	0	8.6168305362807175e-22	1.1801383175986611e-21	1.4521854956855288e-21	1.2027399938571741e-21	3.3553570145929119e-10	3.3544143096329255e-10	2.7912647749121547e-10	2.191164408503021e-10	2.1877057923136582e-10	8.363029837918761e-10	8.3863687272914515e-10	1
toroidal_small	toroidal	0	1.8310546875	37	181	16	robust	natural	2.7640000000000001e-06	1.1834437499999997e-05	3.6753749999999999e-06	0	0	1.2758999999999999e-05	2.5169500000000004e-05	4.6825624999999998e-06	3.2036374999999995e-05	0	0	0	0	3	5	1	22	109	124	2112	691	4984	0.00017176912819717214	0	2	0	0	7.7673263117851704e-17	7.9697881585992751e-17	6.4723526540893446e-17	1.1420544300740359e-16	9.5288719789830672e-13	1.032440341783392e-12	6.5398854490439506e-13	1.6068548076380688e-12	1.1448456880803058e-12	9.5298221962242363e-13	1.0561519347450229e-12	1
toroidal_small	toroidal	1	1.861572265625	37	181	16	robust	natural	2.7640000000000001e-06	1.2073562499999996e-05	3.7098750000000002e-06	0	0	1.2758999999999999e-05	2.5591250000000003e-05	4.6438124999999995e-06	2.3978937499999998e-05	0	0	0	0	3	5	1	22	109	124	2112	691	4984	4.384490399733218e-05	0	1	0	0	8.0351665905590068e-17	8.6265708235520932e-17	6.5608193415909912e-17	8.6806525222140491e-17	8.3560940812051918e-13	1.7470503352824664e-12	5.7422331764853063e-12	6.5778276216611302e-12	7.485468534529365e-12	8.3549197217648637e-13	3.2476280236686177e-12	1
toroidal_small	toroidal	0	1.8310546875	37	181	16	default	natural	2.7640000000000001e-06	1.1873374999999999e-05	3.6992499999999994e-06	0	0	1.1447000000000001e-05	2.4735750000000005e-05	4.2764375000000003e-06	1.8434874999999997e-05	0	0	0	0	3	5	1	0	109	109	1992	667	4984	0.00064293321767956431	0	0	0	0	7.7673263117851704e-17	5.2661376349291427e-17	5.2661376349291427e-17	1.1420544300740359e-16	1.2450869834340942e-12	1.2450869834340942e-12	6.5398854490439506e-13	1.8990557114039967e-12	1.8990557114039967e-12	1.245201076877222e-12	1.245201076877222e-12	1
toroidal_small	toroidal	1	1.861572265625	37	181	16	default	natural	2.7640000000000001e-06	1.1815625000000001e-05	3.6541250000000008e-06	0	0	1.1447000000000001e-05	2.4341312500000001e-05	4.2694374999999994e-06	1.8978812499999999e-05	0	0	0	0	3	5	1	0	109	109	1992	667	4984	0.0001647891986404089	0	0	0	0	8.0351665905590068e-17	5.9491648172723428e-17	5.9491648172723428e-17	8.6806525222140491e-17	1.2642903726354088e-12	1.2642903726354088e-12	5.7422331764853063e-12	7.0065031876370332e-12	7.0065031876370332e-12	1.2643048961288389e-12	1.2643048961288389e-12	1
toroidal_small	toroidal	0	1.8310546875	37	181	16	robust	default_amd	2.7640000000000001e-06	1.1771187500000003e-05	3.6668124999999998e-06	0	0	9.7049999999999994e-06	2.4884687500000002e-05	4.7190000000000009e-06	1.8976374999999995e-05	0	0	0	0	3	1	1	12	109	139	2232	715	4981	0.025148654854545698	0	0	0	0	7.7673263117851704e-17	4.8927767076461815e-17	4.8927767076461815e-17	1.1420544300740359e-16	6.4553374690857768e-13	6.4553374690857768e-13	6.5398854490439506e-13	1.2994929116450759e-12	1.2994929116450759e-12	6.4942464194015106e-13	6.4942464194015106e-13	1
toroidal_small	toroidal	1	1.861572265625	37	181	16	robust	default_amd	2.7640000000000001e-06	1.1720624999999999e-05	3.6872499999999993e-06	0	0	9.7049999999999994e-06	2.46241875e-05	4.7219999999999999e-06	1.94133125e-05	0	0	0	0	3	1	1	12	109	139	2232	715	4981	0.0061294136650026044	0	0	0	0	8.0351665905590068e-17	7.5885741420883334e-17	7.5885741420883334e-17	8.6806525222140491e-17	6.091555716310658e-13	6.091555716310658e-13	5.7422331764853063e-12	5.1331201073072957e-12	5.1331201073072957e-12	6.1200925683784714e-13	6.1200925683784714e-13	1
toroidal_small	toroidal	0	1.8310546875	37	181	16	default	default_amd	2.7640000000000001e-06	1.1990999999999999e-05	3.6986250000000001e-06	0	0	8.9330000000000007e-06	2.3253312499999994e-05	4.3213749999999998e-06	1.8430687499999999e-05	0	0	0	0	3	1	1	0	109	109	1992	645	4981	0.011870384255416722	0	0	0	0	7.7673263117851704e-17	8.2569857053153578e-17	8.2569857053153578e-17	1.1420544300740359e-16	1.0419525474279884e-12	1.0419525474279884e-12	6.5398854490439506e-13	1.6959293421354045e-12	1.6959293421354045e-12	1.041937291739616e-12	1.041937291739616e-12	1
toroidal_small	toroidal	1	1.861572265625	37	181	16	default	default_amd	2.7640000000000001e-06	1.1857062500000001e-05	3.723125e-06	0	0	8.9330000000000007e-06	2.34129375e-05	4.352e-06	1.8918749999999999e-05	0	0	0	0	3	1	1	0	109	109	1992	645	4981	0.0069815700379467615	0	0	0	0	8.0351665905590068e-17	8.3071108791039191e-17	8.3071108791039191e-17	8.6806525222140491e-17	1.4589189680141234e-13	1.4589189680141234e-13	5.7422331764853063e-12	5.8878610710487365e-12	5.8878610710487365e-12	1.4579594738133008e-13	1.4579594738133008e-13	1
spheroidal_small	spheroidal	0	0.30517578125	168	2022	16	robust	natural	1.2378000000000001e-05	0.00013576643750000004	2.8956187499999998e-05	0	0	6.1252000000000002e-05	0.000179838125	3.2102625000000008e-05	0.00027468881250000004	0	0	0	0	3	5	1	119	1283	1571	84475	6661	18525	3.6628979956433365e-09	0	3	0	0	8.6202870157424016e-21	7.9747246952915081e-18	1.2264352312995393e-20	5.8511109636003153e-21	9.4826528577731724e-09	1.4719119960945008e-08	3.7689078929598055e-09	1.2236865941273154e-08	1.7830389822766337e-08	1.00467981358458e-08	1.5585441763582648e-08	1
spheroidal_small	spheroidal	1	0.335693359375	168	2022	16	robust	natural	1.2378000000000001e-05	0.00013499150000000003	2.8887937499999998e-05	0	0	6.1252000000000002e-05	0.0001795228125	3.2377000000000005e-05	0.00031047556249999997	0	0	0	0	3	5	1	119	1283	1571	84475	6661	18525	2.5262611041523512e-08	0	4	0	0	1.7281836178799518e-20	5.1388183113331002e-18	8.8917955276267444e-21	7.4091556604532243e-21	5.1640480509905285e-09	5.5267050919327291e-09	6.436612522003904e-09	1.2726564399009086e-09	9.0995823249333651e-10	2.6245471942999471e-09	3.1646776785346817e-09	1
spheroidal_small	spheroidal	0	0.30517578125	168	2022	16	default	natural	1.2378000000000001e-05	0.00013516306249999999	2.8909875000000001e-05	0	0	5.8177000000000002e-05	0.00014359756250000003	2.9552625000000001e-05	0.000228703875	0	0	0	0	3	5	1	0	1330	1330	84650	6141	16434	3.6067411275614461e-05	0	2	0	0	8.6202870157424016e-21	7.9670550797096491e-21	1.0188619263323187e-20	5.8511109636003153e-21	1.4729608773121621e-08	1.4728698720885567e-08	3.7689078929598055e-09	1.7841662368644154e-08	1.7840517922354461e-08	1.5613051523153534e-08	1.5613051523153534e-08	1
spheroidal_small	spheroidal	1	0.335693359375	168	2022	16	default	natural	1.2378000000000001e-05	0.00013273943749999998	2.8803500000000003e-05	0	0	5.8177000000000002e-05	0.00014405931249999998	2.9640437499999994e-05	0.00026676868750000004	0	0	0	0	3	5	1	0	1330	1330	84650	6141	16434	0.00052223507030955615	0	2	0	0	1.7281836178799518e-20	2.5697941411843919e-20	1.1029329068370453e-20	7.4091556604532243e-21	5.5277347425319543e-09	5.5305131995309724e-09	6.436612522003904e-09	9.0892434983168957e-10	9.0614298809225693e-10	3.1681813390169979e-09	3.1750260451075248e-09	1
spheroidal_small	spheroidal	0	0.30517578125	168	2022	16	robust	default_amd	1.2378000000000001e-05	0.00013626025	2.8934937499999999e-05	0	0	5.8406999999999998e-05	0.00018951818749999999	2.7060937500000003e-05	0.00026161937500000001	0	0	0	0	3	1	1	79	1229	1698	86653	6786	18177	7.2526981393463965e-08	0	3	0	0	8.6202870157424016e-21	3.3705510553207715e-19	4.6050992311135521e-21	5.8511109636003153e-21	1.4893118187306456e-08	1.4722665512059908e-08	3.7689078929598055e-09	1.8016325006027022e-08	1.7834347304475913e-08	1.5786595063691717e-08	1.5597267757526638e-08	1
spheroidal_small	spheroidal	1	0.335693359375	168	2022	16	robust	default_amd	1.2378000000000001e-05	0.00013454137500000003	2.8979374999999997e-05	0	0	5.8406999999999998e-05	0.00018908500000000002	2.6953937499999999e-05	0.00029823631250000001	0	0	0	0	3	1	1	80	1229	1698	86653	6786	18177	4.605475048929014e-07	0	4	0	0	1.7281836178799518e-20	1.1069073566938934e-19	1.343090374028363e-20	7.4091556604532243e-21	5.4797602550855781e-09	5.5274031781369108e-09	6.436612522003904e-09	9.5689551411331062e-10	9.0926144917766539e-10	3.0949570414290863e-09	3.1659328675046155e-09	1
spheroidal_small	spheroidal	0	0.30517578125	168	2022	16	default	default_amd	1.2378000000000001e-05	0.00013511412500000002	2.8958124999999998e-05	0	0	5.4891e-05	0.0001520205625	2.8048624999999999e-05	0.00022587237500000003	0	0	0	0	3	1	1	0	1236	1236	71116	5788	16598	0.00024814874096252583	0	2	0	0	8.6202870157424016e-21	9.6846875386748629e-21	8.4424576142511631e-21	5.8511109636003153e-21	1.4733236349136593e-08	1.4722149714492528e-08	3.7689078929598055e-09	1.7844770655695902e-08	1.7833560385064882e-08	1.5616904784923038e-08	1.5616904784923038e-08	1
spheroidal_small	spheroidal	1	0.335693359375	168	2022	16	default	default_amd	1.2378000000000001e-05	0.00013325075000000003	2.8869749999999999e-05	0	0	5.4891e-05	0.00015075143749999998	2.80818125e-05	0.00022558437499999999	0	0	0	0	3	1	1	0	1236	1236	71116	5788	16598	0.00021666399924862123	0	2	0	0	1.7281836178799518e-20	1.3655759703679736e-20	1.4399252083127448e-20	7.4091556604532243e-21	5.520996327148128e-09	5.5251362752046625e-09	6.436612522003904e-09	9.1566254969914366e-10	9.1152391511741781e-10	3.1579736389260752e-09	3.1657379680155459e-09	1
spheroidal_medium	spheroidal	0	1.983642578125	270	3896	16	robust	natural	2.3065e-05	0.00025419943750000002	5.0508874999999998e-05	0	0	0.000100159	0.00029338956250000005	4.9833562499999997e-05	0.00049031468750000001	0	0	0	0	3	5	1	170	2524	2961	208894	12279	30823	9.6203931134275293e-09	0	3	0	0	1.9323449328618578e-21	8.7445543285517711e-19	1.9260354055461556e-21	3.3571559833311688e-21	8.81026394466049e-10	3.4228403329234995e-10	1.379604768786547e-09	8.7706327788403508e-10	1.0516184029290817e-09	8.8759771695174958e-10	3.1420856470680843e-10	1
spheroidal_medium	spheroidal	1	2.01416015625	270	3896	16	robust	natural	2.3065e-05	0.00025282431250000002	5.0418062499999998e-05	0	0	0.000100159	0.00029478737499999999	5.0438687499999998e-05	0.00048977499999999991	0	0	0	0	3	5	1	170	2524	2961	208894	12279	30823	2.7504502024356036e-08	0	3	0	0	9.6721740067490883e-22	5.0361895942051021e-19	5.9354929621078859e-22	1.6596597741555554e-21	2.3182459733876155e-10	1.8475039831860794e-10	1.4823991202571283e-10	2.2856402400027114e-10	1.1721072696222014e-10	2.3813506518352419e-10	5.6148678140255046e-11	1
spheroidal_medium	spheroidal	0	1.983642578125	270	3896	16	default	natural	2.3065e-05	0.00026020350000000004	5.0605875000000008e-05	0	0	9.7263999999999996e-05	0.00025712	4.6338812500000009e-05	0.00048439024999999999	0	0	0	0	3	5	1	0	2548	2548	201302	11468	30823	6.5004458743626219e-05	0	2	0	0	1.9323449328618578e-21	1.2114609548262028e-21	1.4803735621837505e-21	3.3571559833311688e-21	3.4227197235309572e-10	3.4217815451432964e-10	1.379604768786547e-09	1.0507874306791175e-09	1.051949174534025e-09	3.1580509925034504e-10	3.1226009574536917e-10	1
spheroidal_medium	spheroidal	1	2.01416015625	270	3896	16	default	natural	2.3065e-05	0.0002509333125	5.1288687499999991e-05	0	0	9.7263999999999996e-05	0.00025772025	4.5925312499999996e-05	0.0004836863749999999	0	0	0	0	3	5	1	0	2548	2548	201302	11468	30823	4.8479408540366767e-05	0	2	0	0	9.6721740067490883e-22	6.3312277714845084e-22	4.9120752014418484e-22	1.6596597741555554e-21	1.8483933771039073e-10	1.8475795569119649e-10	1.4823991202571283e-10	1.1720539908470233e-10	1.1718455365549986e-10	5.6504993259688893e-11	5.6363691226931131e-11	1
spheroidal_medium	spheroidal	0	1.983642578125	270	3896	16	robust	default_amd	2.3065e-05	0.00025587074999999993	5.0672312499999997e-05	0	0	9.3438999999999998e-05	0.00034298349999999989	5.0266624999999999e-05	0.00049008587499999999	0	0	0	0	3	1	1	113	2372	3724	237902	13683	30359	1.2420259984255017e-05	0	3	0	0	1.9323449328618578e-21	1.8357729689893622e-19	1.5584639554548598e-21	3.3571559833311688e-21	3.419924939605309e-10	3.4211153588253831e-10	1.379604768786547e-09	1.0575908250176542e-09	1.0518893844896587e-09	3.0905956246034732e-10	3.1283465377600425e-10	1
spheroidal_medium	spheroidal	1	2.01416015625	270	3896	16	robust	default_amd	2.3065e-05	0.00025288556250000003	5.0568375e-05	0	0	9.3438999999999998e-05	0.00034183231250000003	4.9774000000000002e-05	0.00048967306250000012	0	0	0	0	3	1	1	113	2372	3732	238318	13699	30359	2.7274590005457495e-05	0	3	0	0	9.6721740067490883e-22	3.8467206305479217e-19	6.6561282511860281e-22	1.6596597741555554e-21	1.8460650658510324e-10	1.8464269730915634e-10	1.4823991202571283e-10	1.1730523990306343e-10	1.1721039045347109e-10	5.5744832978421641e-11	5.5972639262587787e-11	1
spheroidal_medium	spheroidal	0	1.983642578125	270	3896	16	default	default_amd	2.3065e-05	0.00025573162500000003	5.0644687499999996e-05	0	0	8.9983999999999998e-05	0.00027715231250000002	4.3895250000000003e-05	0.00040996793750000006	0	0	0	0	3	1	1	0	2401	2401	174979	10924	30206	0.00015204734089622836	0	2	0	0	1.9323449328618578e-21	3.2088423912111975e-21	2.3191629070524773e-21	3.3571559833311688e-21	3.4229846886254157e-10	3.4251615069663526e-10	1.379604768786547e-09	1.0498201398356088e-09	1.0514120037332911e-09	3.1692988240352123e-10	3.1692988240352123e-10	1
spheroidal_medium	spheroidal	1	2.01416015625	270	3896	16	default	default_amd	2.3065e-05	0.00025108549999999997	5.0363749999999997e-05	0	0	8.9983999999999998e-05	0.00027595237499999996	4.3913562500000007e-05	0.00047868531249999996	0	0	0	0	3	1	1	0	2401	2401	174979	10924	30206	0.00015204222405202703	0	3	0	0	9.6721740067490883e-22	1.0164550847283821e-21	5.1297587083933358e-22	1.6596597741555554e-21	1.8509305697426494e-10	1.8484261090321374e-10	1.4823991202571283e-10	1.1721266547278202e-10	1.1720585620078461e-10	5.7068441038226144e-11	5.6600734968240705e-11	1
spheroidal_large	spheroidal	0	1.983642578125	876	14814	16	robust	natural	7.9247999999999997e-05	0.00092419556249999997	0.00018932606249999999	0	0	0.00032994099999999999	0.0015505644999999999	0.00016793224999999998	0.002062853625	0	0	0	0	3	5	1	615	9586	10492	926694	44168	87143	6.859211936049633e-09	0	4	0	0	1.5790470013799058e-21	7.7270161745609496e-19	2.2016207444782894e-21	1.2384347055516632e-21	1.2293877757841647e-09	1.2375284858616765e-09	2.0336853739668655e-09	2.4516934269613632e-09	2.4768387576807177e-09	5.6303890645792479e-10	1.0237460717174912e-11	1
spheroidal_large	spheroidal	1	2.01416015625	876	14814	16	robust	natural	7.9247999999999997e-05	0.00093008949999999989	0.0001895933125	0	0	0.00032994099999999999	0.0015575218125000001	0.00016374937500000003	0.0020412338124999999	0	0	0	0	3	5	1	617	9586	10468	925614	44117	87143	1.960652931379399e-08	0	4	0	0	6.2675990603611973e-22	2.1897463177322835e-18	3.9717790225488222e-22	6.2231711389837832e-22	3.4845394763516832e-10	2.5286111101974539e-10	5.2267485360706666e-10	5.3281443546608427e-10	3.5955681124517033e-10	3.8892527630346797e-10	1.5426651073010175e-10	1
spheroidal_large	spheroidal	0	1.983642578125	876	14814	16	default	natural	7.9247999999999997e-05	0.00093441024999999997	0.0001898105625	0	0	0.000331663	0.0014502959375	0.00015445050000000002	0.0022816227499999997	0	0	0	0	3	5	1	0	9616	9616	908804	42495	87143	7.0299972487698279e-05	0	5	0	0	1.5790470013799058e-21	1.6736432592377229e-21	1.5357796912501808e-21	1.2384347055516632e-21	1.2375935043870189e-09	1.2376189493663116e-09	2.0336853739668655e-09	2.4770456736045841e-09	2.4769699729854678e-09	9.8320640080167912e-12	9.8756431713586592e-12	1
spheroidal_large	spheroidal	1	2.01416015625	876	14814	16	default	natural	7.9247999999999997e-05	0.00093282175000000006	0.00019061862500000001	0	0	0.000331663	0.0014525260625	0.00015525343750000001	0.0017665070000000003	0	0	0	0	3	5	1	0	9616	9616	908804	42495	87143	2.2577222145742103e-05	0	3	0	0	6.2675990603611973e-22	5.017407439349466e-22	4.6590843451645476e-22	6.2231711389837832e-22	2.5297442275542067e-10	2.5291603202964034e-10	5.2267485360706666e-10	3.5956210758997277e-10	3.5956599637313127e-10	1.5376257895174566e-10	1.5400707021444031e-10	1
spheroidal_large	spheroidal	0	1.983642578125	876	14814	16	robust	default_amd	7.9247999999999997e-05	0.0009307516874999997	0.000189356125	0	0	0.00031032199999999997	0.0017742748125	0.00017138074999999999	0.0020624610000000002	0	0	0	0	3	1	1	348	9207	14307	1107211	51380	86862	0.00011376981633115917	0	4	0	0	1.5790470013799058e-21	6.4112138139433727e-19	9.7502683380278901e-22	1.2384347055516632e-21	1.2391024013497831e-09	1.2375568638851944e-09	2.0336853739668655e-09	2.4806130425310387e-09	2.4770034197090396e-09	8.5577388142658769e-11	9.9838479034461933e-12	1
spheroidal_large	spheroidal	1	2.01416015625	876	14814	16	robust	default_amd	7.9247999999999997e-05	0.00092840693750000005	0.00018914518750000003	0	0	0.00031032199999999997	0.0017887927500000005	0.00017082481249999995	0.0018025291250000001	0	0	0	0	3	1	1	350	9207	14332	1109011	51432	86862	0.00011376322304594928	0	3	0	0	6.2675990603611973e-22	6.7122492283583555e-19	5.6737026353895307e-22	6.2231711389837832e-22	2.474834309891331e-10	2.5287864975663694e-10	5.2267485360706666e-10	3.594132165296636e-10	3.5955989062801018e-10	1.076116337738241e-10	1.542454305506838e-10	1
spheroidal_large	spheroidal	0	1.983642578125	876	14814	16	default	default_amd	7.9247999999999997e-05	0.00092596212499999994	0.00018929537500000004	0	0	0.00029524899999999998	0.0015148464375	0.00014825743750000001	0.001758266625	0	0	0	0	3	1	1	0	9218	9218	820726	40937	86862	0.00024389796527223058	0	3	0	0	1.5790470013799058e-21	1.188224939765757e-21	1.5567471259814878e-21	1.2384347055516632e-21	1.2375949499170569e-09	1.2375106090948473e-09	2.0336853739668655e-09	2.477051301963605e-09	2.4769318292786945e-09	9.9417839989002044e-12	1.0004704546986438e-11	1
spheroidal_large	spheroidal	1	2.01416015625	876	14814	16	default	default_amd	7.9247999999999997e-05	0.00093506118749999984	0.00018966768750000004	0	0	0.00029524899999999998	0.0015493676249999997	0.0001497053125	0.0017541051250000001	0	0	0	0	3	1	1	10	9218	9438	828406	41383	86862	1.2051586516539196e-05	0	3	0	0	6.2675990603611973e-22	6.8575769923722831e-22	4.8523880299876169e-22	6.2231711389837832e-22	2.5308018689511697e-10	2.5286188507417464e-10	5.2267485360706666e-10	3.5956076472138142e-10	3.5955574481060161e-10	1.5409367612006921e-10	1.5416035090604e-10	1
spheroidal_fluid_solid	spheroidal	0	4.730224609375	876	14814	16	robust	natural	7.9579000000000005e-05	0.00095105362499999999	0.00018762237499999997	0	0	0.000334438	0.0010431533124999998	0.0001769241875	0.0018496621875000001	0	0	0	0	3	5	1	467	9571	11175	953535	45532	87143	1.900052385195216e-08	0	3	0	0	1.8552757592792644e-22	1.4060441176461293e-18	1.8252279412184781e-22	1.6372316492812083e-22	5.6391788055302858e-10	5.6658969826021957e-10	4.7099458543700706e-10	3.8430285687398833e-10	3.915910400290353e-10	6.6742255066099159e-11	1.8530314798408149e-11	1
spheroidal_fluid_solid	spheroidal	1	4.7607421875	876	14814	16	robust	natural	7.9579000000000005e-05	0.0009510574999999999	0.00018750399999999999	0	0	0.000334438	0.0010429603749999999	0.00017590349999999997	0.0020801228124999998	0	0	0	0	3	5	1	467	9571	11175	953535	45532	87143	3.8623491885627814e-08	0	4	0	0	1.0925483445423564e-22	1.1855704553688398e-18	8.6919408795031551e-23	1.4454666717727354e-22	2.4911186259681326e-09	2.5234386500838675e-09	2.4448128541616412e-09	1.9878019445080509e-10	1.9562224341075675e-10	2.0168453874924029e-09	2.0669672088159668e-09	1
spheroidal_fluid_solid	spheroidal	0	4.730224609375	876	14814	16	default	natural	7.9579000000000005e-05	0.00094116275000000009	0.00018684800000000001	0	0	0.00033441800000000001	0.00091888781249999997	0.00015538906250000002	0.001797578875	0	0	0	0	3	5	1	0	9616	9616	908804	42495	87143	2.1276004373547197e-05	0	3	0	0	1.8552757592792644e-22	3.2196801829374088e-22	1.557140726904438e-22	1.6372316492812083e-22	5.6657902895938926e-10	5.6658596170768646e-10	4.7099458543700706e-10	3.9155700443913808e-10	3.9159075717013159e-10	1.8520561483853437e-11	1.8294003861864864e-11	1
spheroidal_fluid_solid	spheroidal	1	4.7607421875	876	14814	16	default	natural	7.9579000000000005e-05	0.00093764756249999992	0.00018767850000000002	0	0	0.00033441800000000001	0.00091452081250000016	0.00015493112500000001	0.0017721577499999999	0	0	0	0	3	5	1	0	9616	9616	908804	42495	87143	8.5579021855976635e-06	0	3	0	0	1.0925483445423564e-22	1.1050353123929432e-22	9.7917907322010571e-23	1.4454666717727354e-22	2.5235222429307771e-09	2.5234821863381431e-09	2.4448128541616412e-09	1.956271195054507e-10	1.956230931437556e-10	2.0671223514971127e-09	2.0670298251919146e-09	1
spheroidal_fluid_solid	spheroidal	0	4.730224609375	876	14814	16	robust	default_amd	7.9579000000000005e-05	0.00094747162500000007	0.00018748962500000002	0	0	0.00031091199999999999	0.0012974480000000001	0.00018227125000000002	0.0018602206875000002	0	0	0	0	3	1	1	370	8932	15671	1199728	54103	87037	5.2651792419463456e-05	0	3	0	0	1.8552757592792644e-22	9.8582987731539053e-18	3.2294271526911436e-22	1.6372316492812083e-22	5.6065603313335086e-10	5.6658300446997634e-10	4.7099458543700706e-10	3.7544070391238507e-10	3.916019784351664e-10	1.7025629940870989e-10	1.8367181136691388e-11	1
spheroidal_fluid_solid	spheroidal	1	4.7607421875	876	14814	16	robust	default_amd	7.9579000000000005e-05	0.00094807593749999999	0.00018919399999999998	0	0	0.00031091199999999999	0.0013121881874999998	0.0001829339375	0.0018403596249999998	0	0	0	0	3	1	1	372	8931	15676	1199935	54109	87037	5.2641602242763071e-05	0	3	0	0	1.0925483445423564e-22	4.7746420642636256e-18	8.0874041101195637e-23	1.4454666717727354e-22	2.4159910667218746e-09	2.5234880822827609e-09	2.4448128541616412e-09	2.0544371933257045e-10	1.9562312738245809e-10	1.9032669450753298e-09	2.0670808123864094e-09	1
spheroidal_fluid_solid	spheroidal	0	4.730224609375	876	14814	16	default	default_amd	7.9579000000000005e-05	0.00094943262500000005	0.00018723675000000003	0	0	0.00029253599999999998	0.00096851849999999998	0.00014733418749999995	0.0017816045000000002	0	0	0	0	3	1	1	0	9218	9218	820726	40937	86862	0.00020219907487275358	0	3	0	0	1.8552757592792644e-22	1.8748540551653902e-22	1.8137614545823092e-22	1.6372316492812083e-22	5.6658886647240994e-10	5.6659495643957184e-10	4.7099458543700706e-10	3.9159375929618437e-10	3.9158667762608081e-10	1.8627438621986256e-11	1.839254742761699e-11	1
spheroidal_fluid_solid	spheroidal	1	4.7607421875	876	14814	16	default	default_amd	7.9579000000000005e-05	0.00095131681250000002	0.00018645675	0	0	0.00029253599999999998	0.00096928774999999981	0.00014711312499999997	0.0017541718749999999	0	0	0	0	3	1	1	0	9218	9218	820726	40937	86862	0.0002048277499340203	0	2	0	0	1.0925483445423564e-22	1.4938813431693217e-22	7.3074802526631097e-23	1.4454666717727354e-22	2.5235460101130332e-09	2.5234887849329518e-09	2.4448128541616412e-09	1.9562479355975688e-10	1.956263709046496e-10	2.067128064888973e-09	2.067107297644206e-09	1
spheroidal_max	spheroidal	0	4.730224609375	1626	27564	16	robust	natural	0.00014622699999999999	0.0018181470625	0.00034447756250000007	0	0	0.00060041300000000005	0.0019270556874999999	0.00032929400000000005	0.0034480513749999995	0	0	0	0	3	5	1	1023	17821	20565	1772499	84188	153368	1.9047011847040913e-08	0	3	0	0	2.6460249637610522e-22	1.1032665621977759e-18	1.1415449144495689e-22	1.6921780859860513e-22	4.6882431900490064e-10	4.584484719923202e-10	3.7847350035219217e-10	4.4817065800999815e-10	4.3375971365605245e-10	2.8996040667108174e-10	1.7526315785973863e-10	1
spheroidal_max	spheroidal	1	4.7607421875	1626	27564	16	robust	natural	0.00014622699999999999	0.001814546	0.00034460581249999995	0	0	0.00060041300000000005	0.0019169664999999999	0.00033063012499999999	0.0034165233124999997	0	0	0	0	3	5	1	1023	17821	20585	1773379	84228	153368	3.8718005725269329e-08	0	3	0	0	1.0204016032885494e-22	6.598217738001396e-19	6.0984280667008311e-23	8.6163851310872757e-23	1.3795693373443608e-09	1.4163140098759309e-09	1.3695968653756187e-09	1.4994603415810403e-10	1.5722737679899717e-10	9.5198395534182018e-10	1.0243917761060017e-09	1
spheroidal_max	spheroidal	0	4.730224609375	1626	27564	16	default	natural	0.00014622699999999999	0.001818606375	0.00034502587499999997	0	0	0.00061127000000000002	0.0017070586250000001	0.00028526762500000001	0.0033500900624999995	0	0	0	0	3	5	1	0	17866	17866	1688304	78895	153368	1.1668322228927146e-05	0	3	0	0	2.6460249637610522e-22	1.3934018694378947e-22	1.4405602649113869e-22	1.6921780859860513e-22	4.5845493858148388e-10	4.5844074384755137e-10	3.7847350035219217e-10	4.3377585571299455e-10	4.3375201631287445e-10	1.7495587274393342e-10	1.753044447420429e-10	1
spheroidal_max	spheroidal	1	4.7607421875	1626	27564	16	default	natural	0.00014622699999999999	0.0018101306874999999	0.00035977649999999997	0	0	0.00061127000000000002	0.0017086685625000003	0.00028493637499999998	0.0033252093124999994	0	0	0	0	3	5	1	0	17866	17866	1688304	78895	153368	2.1417688266279895e-05	0	3	0	0	1.0204016032885494e-22	8.5135404616791936e-23	6.2557410848873509e-23	8.6163851310872757e-23	1.4162491668569388e-09	1.4163307850484481e-09	1.3695968653756187e-09	1.5723647889942622e-10	1.5722625137789224e-10	1.0242697913325757e-09	1.0244622931461809e-09	1
spheroidal_max	spheroidal	0	4.730224609375	1626	27564	16	robust	default_amd	0.00014622699999999999	0.0018210726875	0.00034443868749999999	0	0	0.00053779999999999995	0.0023718565	0.00034638793750000002	0.0040075366249999996	0	0	0	0	3	1	1	694	16660	29327	2251578	101153	153449	9.5682134524726492e-05	0	4	0	0	2.6460249637610522e-22	1.500853715796421e-17	1.7197868603890423e-22	1.6921780859860513e-22	4.8615900155909659e-10	4.5844799628917181e-10	3.7847350035219217e-10	5.7986197576848937e-10	4.3376288887736098e-10	4.7874399132630463e-10	1.7523028815067272e-10	1
spheroidal_max	spheroidal	1	4.7607421875	1626	27564	16	robust	default_amd	0.00014622699999999999	0.0018113574999999999	0.00034519737500000001	0	0	0.00053779999999999995	0.0023654219375000003	0.0003455793749999999	0.0034675310000000003	0	0	0	0	3	1	1	695	16660	29322	2251258	101149	153449	9.5683337011831553e-05	0	3	0	0	1.0204016032885494e-22	7.9335612478685209e-18	1.0264544926796088e-22	8.6163851310872757e-23	1.4806331248254771e-09	1.4162938325134123e-09	1.3695968653756187e-09	1.6773043654391405e-10	1.572265976110726e-10	1.1482993190917655e-09	1.0243393923898919e-09	1
spheroidal_max	spheroidal	0	4.730224609375	1626	27564	16	default	default_amd	0.00014622699999999999	0.0018152514374999997	0.00034524737499999999	0	0	0.000534305	0.0018212873124999998	0.00027124612499999999	0.0033270476249999997	0	0	0	0	3	1	1	0	17173	17173	1532731	76157	153212	0.00015992772198652675	0	3	0	0	2.6460249637610522e-22	2.4347395477399331e-22	1.5290438532003779e-22	1.6921780859860513e-22	4.5844512153911426e-10	4.5844463746354812e-10	3.7847350035219217e-10	4.3375859192125791e-10	4.3375357126780593e-10	1.750104114290686e-10	1.7515027874543348e-10	1
spheroidal_max	spheroidal	1	4.7607421875	1626	27564	16	default	default_amd	0.00014622699999999999	0.0018162748125000001	0.00034641787500000004	0	0	0.000534305	0.0018255651875	0.0002717885625	0.0032925669999999997	0	0	0	0	3	1	1	0	17173	17173	1532731	76157	153212	0.00016200718468561393	0	3	0	0	1.0204016032885494e-22	1.0174440950142695e-22	1.0905501917204525e-22	8.6163851310872757e-23	1.4162015520618331e-09	1.416277691082953e-09	1.3695968653756187e-09	1.5724709401540253e-10	1.5722725435044193e-10	1.024228367069204e-09	1.024384143508044e-09	1
